	can_rate	image	num_votes	rating	tconst	title	type	year
0	True	{u'url': u'https://images-na.ssl-images-amazon.com/images/M/MV5BODU4MjU4NjIwNl5BMl5BanBnXkFtZTgwMDU2MjEyMDE@._V1_.jpg', u'width': 933, u'height': 1388}	1721329	9.3	tt0111161	The Shawshank Redemption	feature	1994
1	True	{u'url': u'https://images-na.ssl-images-amazon.com/images/M/MV5BNTUxOTdjMDMtMWY1MC00MjkxLTgxYTMtYTM1MjU5ZTJlNTZjXkEyXkFqcGdeQXVyNTA4NzY1MzY@._V1_.jpg', u'width': 798, u'height': 1129}	1176430	9.2	tt0068646	The Godfather	feature	1972
2	True	{u'url': u'https://images-na.ssl-images-amazon.com/images/M/MV5BNDVjZjgxNTgtMGNhMC00YWU0LTg0YTQtNTkxNzBjMDBkNWYyXkEyXkFqcGdeQXVyNTA4NzY1MzY@._V1_.jpg', u'width': 800, u'height': 1140}	806350	9.0	tt0071562	The Godfather: Part II	feature	1974
3	True	{u'url': u'https://images-na.ssl-images-amazon.com/images/M/MV5BMTMxNTMwODM0NF5BMl5BanBnXkFtZTcwODAyMTk2Mw@@._V1_.jpg', u'width': 1383, u'height': 2048}	1707217	9.0	tt0468569	The Dark Knight	feature	2008
4	True	{u'url': u'https://images-na.ssl-images-amazon.com/images/M/MV5BODQwOTc5MDM2N15BMl5BanBnXkFtZTcwODQxNTEzNA@@._V1_.jpg', u'width': 682, u'height': 1023}	458646	8.9	tt0050083	12 Angry Men	feature	1957
5	True	{u'url': u'https://images-na.ssl-images-amazon.com/images/M/MV5BMzMwMTM4MDU2N15BMl5BanBnXkFtZTgwMzQ0MjMxMDE@._V1_.jpg', u'width': 439, u'height': 679}	881530	8.9	tt0108052	Schindler's List	feature	1993
6	True	{u'url': u'https://images-na.ssl-images-amazon.com/images/M/MV5BMTkxMTA5OTAzMl5BMl5BanBnXkFtZTgwNjA5MDc3NjE@._V1_.jpg', u'width': 1010, u'height': 1500}	1348519	8.9	tt0110912	Pulp Fiction	feature	1994
7	True	{u'url': u'https://images-na.ssl-images-amazon.com/images/M/MV5BMjE4MjA1NTAyMV5BMl5BanBnXkFtZTcwNzM1NDQyMQ@@._V1_.jpg', u'width': 350, u'height': 519}	1236746	8.9	tt0167260	The Lord of the Rings: The Return of the King	feature	2003
8	True	{u'url': u'https://images-na.ssl-images-amazon.com/images/M/MV5BOTQ5NDI3MTI4MF5BMl5BanBnXkFtZTgwNDQ4ODE5MDE@._V1_.jpg', u'width': 1344, u'height': 2048}	512408	8.9	tt0060196	The Good, the Bad and the Ugly	feature	1966
9	True	{u'url': u'https://images-na.ssl-images-amazon.com/images/M/MV5BNGM2NjQxZTAtMmU5My00YTk5LWFmOWMtYjZlYzk4YzMwNjFlXkEyXkFqcGdeQXVyNDk3NzU2MTQ@._V1_.jpg', u'width': 1600, u'height': 2400}	1373935	8.8	tt0137523	Fight Club	feature	1999
10	True	{u'url': u'https://images-na.ssl-images-amazon.com/images/M/MV5BNTEyMjAwMDU1OV5BMl5BanBnXkFtZTcwNDQyNTkxMw@@._V1_.jpg', u'width': 342, u'height': 500}	1259364	8.8	tt0120737	The Lord of the Rings: The Fellowship of the Ring	feature	2001
11	True	{u'url': u'https://images-na.ssl-images-amazon.com/images/M/MV5BYmViY2M2MTYtY2MzOS00YjQ1LWIzYmEtOTBiNjhlMGM0NjZjXkEyXkFqcGdeQXVyNDYyMDk5MTU@._V1_.jpg', u'width': 1369, u'height': 2125}	853918	8.8	tt0080684	Star Wars: Episode V - The Empire Strikes Back	feature	1980
12	True	{u'url': u'https://images-na.ssl-images-amazon.com/images/M/MV5BYThjM2MwZGMtMzg3Ny00NGRkLWE4M2EtYTBiNWMzOTY0YTI4XkEyXkFqcGdeQXVyNDYyMDk5MTU@._V1_.jpg', u'width': 1136, u'height': 1500}	1278619	8.8	tt0109830	Forrest Gump	feature	1994
13	True	{u'url': u'https://images-na.ssl-images-amazon.com/images/M/MV5BMjAxMzY3NjcxNF5BMl5BanBnXkFtZTcwNTI5OTM0Mw@@._V1_.jpg', u'width': 700, u'height': 1037}	1497809	8.8	tt1375666	Inception	feature	2010
14	True	{u'url': u'https://images-na.ssl-images-amazon.com/images/M/MV5BMTAyNDU0NjY4NTheQTJeQWpwZ15BbWU2MDk4MTY2Nw@@._V1_.jpg', u'width': 350, u'height': 512}	1119980	8.7	tt0167261	The Lord of the Rings: The Two Towers	feature	2002
15	True	{u'url': u'https://images-na.ssl-images-amazon.com/images/M/MV5BYmJkODkwOTItZThjZC00MTE0LWIxNzQtYTM3MmQwMGI1OWFiXkEyXkFqcGdeQXVyNjUwNzk3NDc@._V1_.jpg', u'width': 473, u'height': 718}	691604	8.7	tt0073486	One Flew Over the Cuckoo's Nest	feature	1975
16	True	{u'url': u'https://images-na.ssl-images-amazon.com/images/M/MV5BMTY2OTE5MzQ3MV5BMl5BanBnXkFtZTgwMTY2NTYxMTE@._V1_.jpg', u'width': 337, u'height': 500}	742328	8.7	tt0099685	Goodfellas	feature	1990
17	True	{u'url': u'https://images-na.ssl-images-amazon.com/images/M/MV5BMDMyMmQ5YzgtYWMxOC00OTU0LWIwZjEtZWUwYTY5MjVkZjhhXkEyXkFqcGdeQXVyNDYyMDk5MTU@._V1_.jpg', u'width': 1000, u'height': 1383}	1239742	8.7	tt0133093	The Matrix	feature	1999
18	True	{u'url': u'https://images-na.ssl-images-amazon.com/images/M/MV5BMTc5MDY1MjU5MF5BMl5BanBnXkFtZTgwNDM2OTE4MzE@._V1_.jpg', u'width': 1354, u'height': 1900}	233327	8.7	tt0047478	Seven Samurai	feature	1954
19	True	{u'url': u'https://images-na.ssl-images-amazon.com/images/M/MV5BZGEzZTExMDEtNjg4OC00NjQxLTk5NTUtNjRkNjA3MmYwZjg1XkEyXkFqcGdeQXVyMTQxNzMzNDI@._V1_.jpg', u'width': 728, u'height': 1150}	926910	8.7	tt0076759	Star Wars: Episode IV - A New Hope	feature	1977
20	True	{u'url': u'https://images-na.ssl-images-amazon.com/images/M/MV5BMjA4ODQ3ODkzNV5BMl5BanBnXkFtZTYwOTc4NDI3._V1_.jpg', u'width': 400, u'height': 593}	542232	8.7	tt0317248	City of God	feature	2002
21	True	{u'url': u'https://images-na.ssl-images-amazon.com/images/M/MV5BMTQwNTU3MTE4NF5BMl5BanBnXkFtZTcwOTgxNDM2Mg@@._V1_.jpg', u'width': 326, u'height': 500}	1044652	8.6	tt0114369	Se7en	feature	1995
22	True	{u'url': u'https://images-na.ssl-images-amazon.com/images/M/MV5BMTQ2NzkzMDI4OF5BMl5BanBnXkFtZTcwMDA0NzE1NA@@._V1_.jpg', u'width': 682, u'height': 1023}	906010	8.6	tt0102926	The Silence of the Lambs	feature	1991
23	True	{u'url': u'https://images-na.ssl-images-amazon.com/images/M/MV5BMTMzMzY5NDc4M15BMl5BanBnXkFtZTcwMzc4NjIxNw@@._V1_.jpg', u'width': 1372, u'height': 2048}	280617	8.6	tt0038650	It's a Wonderful Life	feature	1946
24	True	{u'url': u'https://images-na.ssl-images-amazon.com/images/M/MV5BMzI1MjI5MDQyOV5BMl5BanBnXkFtZTcwNzE4Mjg3NA@@._V1_.jpg', u'width': 682, u'height': 1023}	754453	8.6	tt0114814	The Usual Suspects	feature	1995
25	True	{u'url': u'https://images-na.ssl-images-amazon.com/images/M/MV5BYmJmM2Q4NmMtYThmNC00ZjRlLWEyZmItZTIwOTBlZDQ3NTQ1XkEyXkFqcGdeQXVyMTQxNzMzNDI@._V1_.jpg', u'width': 1005, u'height': 1500}	430040	8.6	tt0118799	Life Is Beautiful	feature	1997
26	True	{u'url': u'https://images-na.ssl-images-amazon.com/images/M/MV5BMTgzMzg4MDkwNF5BMl5BanBnXkFtZTcwODAwNDg3OA@@._V1_.jpg', u'width': 350, u'height': 500}	740510	8.6	tt0110413	Léon: The Professional	feature	1994
27	True	{u'url': u'https://images-na.ssl-images-amazon.com/images/M/MV5BMjYxMDcyMzIzNl5BMl5BanBnXkFtZTYwNDg2MDU3._V1_.jpg', u'width': 450, u'height': 635}	428739	8.6	tt0245429	Spirited Away	feature	2001
28	True	{u'url': u'https://images-na.ssl-images-amazon.com/images/M/MV5BZjhkMDM4MWItZTVjOC00ZDRhLThmYTAtM2I5NzBmNmNlMzI1XkEyXkFqcGdeQXVyNDYyMDk5MTU@._V1_.jpg', u'width': 800, u'height': 1177}	899006	8.6	tt0120815	Saving Private Ryan	feature	1998
29	True	{u'url': u'https://images-na.ssl-images-amazon.com/images/M/MV5BYjFiOTlmMzgtOGZlYi00NjY0LThmMzEtNmQ0OTgxNGViOTZmXkEyXkFqcGdeQXVyNjc1NTYyMjg@._V1_.jpg', u'width': 1755, u'height': 2666}	220168	8.6	tt0064116	Once Upon a Time in the West	feature	1968
30	True	{u'url': u'https://images-na.ssl-images-amazon.com/images/M/MV5BZjA0MTM4MTQtNzY5MC00NzY3LWI1ZTgtYzcxMjkyMzU4MDZiXkEyXkFqcGdeQXVyNDYyMDk5MTU@._V1_.jpg', u'width': 497, u'height': 736}	796496	8.6	tt0120586	American History X	feature	1998
31	True	{u'url': u'https://images-na.ssl-images-amazon.com/images/M/MV5BMjIxNTU4MzY4MF5BMl5BanBnXkFtZTgwMzM4ODI3MjE@._V1_.jpg', u'width': 1311, u'height': 2048}	959013	8.6	tt0816692	Interstellar	feature	2014
32	True	{u'url': u'https://images-na.ssl-images-amazon.com/images/M/MV5BMjQwNDYyNTk2N15BMl5BanBnXkFtZTgwMjQ0OTMyMjE@._V1_.jpg', u'width': 334, u'height': 500}	393827	8.6	tt0034583	Casablanca	feature	1942
33	True	{u'url': u'https://images-na.ssl-images-amazon.com/images/M/MV5BMDI3OWRmOTEtOWJhYi00N2JkLTgwNGItMjdkN2U0NjFiZTYwXkEyXkFqcGdeQXVyMTQxNzMzNDI@._V1_.jpg', u'width': 909, u'height': 1371}	431047	8.5	tt0054215	Psycho	feature	1960
34	True	{u'url': u'https://images-na.ssl-images-amazon.com/images/M/MV5BMjA3NDQ5MDMzOV5BMl5BanBnXkFtZTgwODY2MjcyMjE@._V1_.jpg', u'width': 320, u'height': 476}	110888	8.6	tt0021749	City Lights	feature	1931
35	True	{u'url': u'https://images-na.ssl-images-amazon.com/images/M/MV5BMjA0ODEzMTc1Nl5BMl5BanBnXkFtZTcwODM2MjAxNA@@._V1_.jpg', u'width': 1021, u'height': 1536}	672092	8.5	tt0082971	Raiders of the Lost Ark	feature	1981
36	True	{u'url': u'https://images-na.ssl-images-amazon.com/images/M/MV5BMTUxMzQyNjA5MF5BMl5BanBnXkFtZTYwOTU2NTY3._V1_.jpg', u'width': 500, u'height': 740}	801864	8.5	tt0120689	The Green Mile	feature	1999
37	True	{u'url': u'https://images-na.ssl-images-amazon.com/images/M/MV5BMTYxNDA3MDQwNl5BMl5BanBnXkFtZTcwNTU4Mzc1Nw@@._V1_.jpg', u'width': 1382, u'height': 2048}	517589	8.6	tt1675434	The Intouchables	feature	2011
38	True	{u'url': u'https://images-na.ssl-images-amazon.com/images/M/MV5BMjAyMTkxNjI5OF5BMl5BanBnXkFtZTYwMjI2MjA5._V1_.jpg', u'width': 347, u'height': 475}	146666	8.6	tt0027977	Modern Times	feature	1936
39	True	{u'url': u'https://images-na.ssl-images-amazon.com/images/M/MV5BNGUxYWM3M2MtMGM3Mi00ZmRiLWE0NGQtZjE5ODI2OTJhNTU0XkEyXkFqcGdeQXVyMTQxNzMzNDI@._V1_.jpg', u'width': 923, u'height': 1351}	322268	8.5	tt0047396	Rear Window	feature	1954
40	True	{u'url': u'https://images-na.ssl-images-amazon.com/images/M/MV5BZDM2YjYwYWMtMWZlNi00ZDQxLWExMDctMDAzNzQ0OTkzZjljXkEyXkFqcGdeQXVyMTQxNzMzNDI@._V1_.jpg', u'width': 1689, u'height': 2500}	757819	8.5	tt0103064	Terminator 2: Judgment Day	feature	1991
41	True	{u'url': u'https://images-na.ssl-images-amazon.com/images/M/MV5BMTI1MTY2OTIxNV5BMl5BanBnXkFtZTYwNjQ4NjY3._V1_.jpg', u'width': 450, u'height': 665}	890230	8.5	tt0407887	The Departed	feature	2006
42	True	{u'url': u'https://images-na.ssl-images-amazon.com/images/M/MV5BMTc4OTkyOTA3OF5BMl5BanBnXkFtZTYwMDIxNjk5._V1_.jpg', u'width': 315, u'height': 475}	510005	8.5	tt0253474	The Pianist	feature	2002
43	True	{u'url': u'https://images-na.ssl-images-amazon.com/images/M/MV5BZmU0M2Y1OGUtZjIxNi00ZjBkLTg1MjgtOWIyNThiZWIwYjRiXkEyXkFqcGdeQXVyMTQxNzMzNDI@._V1_.jpg', u'width': 1218, u'height': 1893}	747529	8.5	tt0088763	Back to the Future	feature	1985
44	True	{u'url': u'https://images-na.ssl-images-amazon.com/images/M/MV5BMTU4OTQ3MDUyMV5BMl5BanBnXkFtZTgwOTA2MjU0MjE@._V1_.jpg', u'width': 509, u'height': 755}	418826	8.5	tt2582802	Whiplash	feature	2014
45	True	{u'url': u'https://images-na.ssl-images-amazon.com/images/M/MV5BMTgwMzQzNTQ1Ml5BMl5BanBnXkFtZTgwMDY2NTYxMTE@._V1_.jpg', u'width': 930, u'height': 1377}	1000974	8.5	tt0172495	Gladiator	feature	2000
46	True	{u'url': u'https://images-na.ssl-images-amazon.com/images/M/MV5BNThiYjM3MzktMDg3Yy00ZWQ3LTk3YWEtN2M0YmNmNWEwYTE3XkEyXkFqcGdeQXVyMTQxNzMzNDI@._V1_.jpg', u'width': 1280, u'height': 1879}	861482	8.5	tt0209144	Memento	feature	2000
47	True	{u'url': u'https://images-na.ssl-images-amazon.com/images/M/MV5BYWNjNjZjYmMtOTRjOC00ZGIwLWI2YzEtMjkxNTAzODkzZDRlXkEyXkFqcGdeQXVyNjUwNzk3NDc@._V1_.jpg', u'width': 580, u'height': 842}	457947	8.5	tt0078788	Apocalypse Now	feature	1979
48	True	{u'url': u'https://images-na.ssl-images-amazon.com/images/M/MV5BMjA4NDI0MTIxNF5BMl5BanBnXkFtZTYwNTM0MzY2._V1_.jpg', u'width': 450, u'height': 667}	862079	8.5	tt0482571	The Prestige	feature	2006
49	True	{u'url': u'https://images-na.ssl-images-amazon.com/images/M/MV5BMjEyMzgwNTUzMl5BMl5BanBnXkFtZTcwNTMxMzM3Ng@@._V1_.jpg', u'width': 1275, u'height': 1651}	659059	8.5	tt0110357	The Lion King	feature	1994
50	True	{u'url': u'https://images-na.ssl-images-amazon.com/images/M/MV5BNDNhN2IxZWItNGEwYS00ZDNhLThiM2UtODU3NWJlZjBkYjQxXkEyXkFqcGdeQXVyMTQxNzMzNDI@._V1_.jpg', u'width': 914, u'height': 1342}	574753	8.5	tt0078748	Alien	feature	1979
51	True	{u'url': u'https://images-na.ssl-images-amazon.com/images/M/MV5BOTFiM2RlOGUtYjExYy00YjFmLWFjYzgtM2YwNDU1NmEyMzRlXkEyXkFqcGdeQXVyNDYyMDk5MTU@._V1_.jpg', u'width': 1000, u'height': 1500}	348372	8.5	tt0057012	Dr. Strangelove or: How I Learned to Stop Worrying and Love the Bomb	feature	1964
52	True	{u'url': u'https://images-na.ssl-images-amazon.com/images/M/MV5BMTc3NDYzODAwNV5BMl5BanBnXkFtZTgwODg1MTczMTE@._V1_.jpg', u'width': 332, u'height': 500}	142138	8.5	tt0043014	Sunset Blvd.	feature	1950
53	True	{u'url': u'https://images-na.ssl-images-amazon.com/images/M/MV5BMTQ5NDAwMDgzOV5BMl5BanBnXkFtZTgwNDI2MjA0MjE@._V1_.jpg', u'width': 338, u'height': 500}	140761	8.5	tt0032553	The Great Dictator	feature	1940
54	True	{u'url': u'https://images-na.ssl-images-amazon.com/images/M/MV5BNDUzNjYwNDYyNl5BMl5BanBnXkFtZTcwNjU3ODQ0MQ@@._V1_.jpg', u'width': 450, u'height': 675}	264475	8.5	tt0405094	The Lives of Others	feature	2006
55	True	{u'url': u'https://images-na.ssl-images-amazon.com/images/M/MV5BMjIzMTgzOTEwOF5BMl5BanBnXkFtZTgwNTUxNjcxMTE@._V1_.jpg', u'width': 337, u'height': 499}	155985	8.5	tt0095765	Cinema Paradiso	feature	1988
56	True	{u'url': u'https://images-na.ssl-images-amazon.com/images/M/MV5BOTI5Nzc0OTMtYzBkMS00NjkxLThmM2UtNjM2ODgxN2M5NjNkXkEyXkFqcGdeQXVyNjQ2MjQ5NzM@._V1_.jpg', u'width': 1045, u'height': 1600}	123431	8.5	tt0050825	Paths of Glory	feature	1957
57	True	{u'url': u'https://images-na.ssl-images-amazon.com/images/M/MV5BMjIyNTQ5NjQ1OV5BMl5BanBnXkFtZTcwODg1MDU4OA@@._V1_.jpg', u'width': 1382, u'height': 2048}	977059	8.5	tt1853728	Django Unchained	feature	2012
58	True	{u'url': u'https://images-na.ssl-images-amazon.com/images/M/MV5BODMxMjE3NTA4Ml5BMl5BanBnXkFtZTgwNDc0NTIxMDE@._V1_.jpg', u'width': 1024, u'height': 1500}	622916	8.4	tt0081505	The Shining	feature	1980
59	True	{u'url': u'https://images-na.ssl-images-amazon.com/images/M/MV5BMTgyMzUwMTMxMl5BMl5BanBnXkFtZTgwODYyMDk2MjE@._V1_.jpg', u'width': 342, u'height': 500}	142569	8.5	tt0095327	Grave of the Fireflies	feature	1988
60	True	{u'url': u'https://images-na.ssl-images-amazon.com/images/M/MV5BMjExMTg5OTU0NF5BMl5BanBnXkFtZTcwMjMxMzMzMw@@._V1_.jpg', u'width': 1382, u'height': 2048}	733813	8.4	tt0910970	WALL·E	feature	2008
61	True	{u'url': u'https://images-na.ssl-images-amazon.com/images/M/MV5BMTk4ODQzNDY3Ml5BMl5BanBnXkFtZTcwODA0NTM4Nw@@._V1_.jpg', u'width': 486, u'height': 720}	1165722	8.5	tt1345836	The Dark Knight Rises	feature	2012
62	True	{u'url': u'https://images-na.ssl-images-amazon.com/images/M/MV5BMjM4NTI5NzYyNV5BMl5BanBnXkFtZTgwNTkxNTYxMTE@._V1_.jpg', u'width': 930, u'height': 1377}	836612	8.4	tt0169547	American Beauty	feature	1999
63	True	{u'url': u'https://images-na.ssl-images-amazon.com/images/M/MV5BYTU2YjNmN2UtMTkyYS00YTFhLWJkM2QtODNhODE0OGQzMDQ3XkEyXkFqcGdeQXVyNTA4NzY1MzY@._V1_.jpg', u'width': 342, u'height': 513}	226887	8.4	tt0119698	Princess Mononoke	feature	1997
64	True	{u'url': u'https://images-na.ssl-images-amazon.com/images/M/MV5BOTYxZGJkNDUtOWRmMy00M2JjLWJiNjAtNTE0OWU0ODU1MDdiXkEyXkFqcGdeQXVyMTQxNzMzNDI@._V1_.jpg', u'width': 914, u'height': 1425}	496453	8.4	tt0090605	Aliens	feature	1986
65	True	{u'url': u'https://images-na.ssl-images-amazon.com/images/M/MV5BMTI3NTQyMzU5M15BMl5BanBnXkFtZTcwMTM2MjgyMQ@@._V1_.jpg', u'width': 450, u'height': 666}	364025	8.4	tt0364569	Oldboy	feature	2003
66	True	{u'url': u'https://images-na.ssl-images-amazon.com/images/M/MV5BMGFkNWI4MTMtNGQ0OC00MWVmLTk3MTktOGYxN2Y2YWVkZWE2XkEyXkFqcGdeQXVyNjU0OTQ0OTY@._V1_.jpg', u'width': 910, u'height': 1422}	225360	8.4	tt0087843	Once Upon a Time in America	feature	1984
67	True	{u'url': u'https://images-na.ssl-images-amazon.com/images/M/MV5BMTQ2Mjc1MDQwMl5BMl5BanBnXkFtZTcwNzUyOTUyMg@@._V1_.jpg', u'width': 338, u'height': 500}	302937	8.4	tt0033467	Citizen Kane	feature	1941
68	True	{u'url': u'https://images-na.ssl-images-amazon.com/images/M/MV5BMjE5Mzk5OTQ0Nl5BMl5BanBnXkFtZTYwNzUwMTQ5._V1_.jpg', u'width': 297, u'height': 475}	170924	8.4	tt0082096	Das Boot	feature	1981
69	True	{u'url': u'https://images-na.ssl-images-amazon.com/images/M/MV5BMTc0MjgyNTUyNF5BMl5BanBnXkFtZTcwNDQzMDg0Nw@@._V1_.jpg', u'width': 682, u'height': 1023}	65001	8.4	tt0051201	Witness for the Prosecution	feature	1957
70	True	{u'url': u'https://images-na.ssl-images-amazon.com/images/M/MV5BMjQwMTQ0MzgwNl5BMl5BanBnXkFtZTgwNjc4ODE4MzE@._V1_.jpg', u'width': 1309, u'height': 2048}	223806	8.4	tt0053125	North by Northwest	feature	1959
71	True	{u'url': u'https://images-na.ssl-images-amazon.com/images/M/MV5BNzY0NzQyNzQzOF5BMl5BanBnXkFtZTcwMTgwNTk4OQ@@._V1_.jpg', u'width': 333, u'height': 500}	254193	8.4	tt0052357	Vertigo	feature	1958
72	True	{u'url': u'https://images-na.ssl-images-amazon.com/images/M/MV5BODllZjg2YjUtNWEzNy00ZGY2LTgyZmQtYTkxNDYyOWM3OTUyXkEyXkFqcGdeQXVyMTQxNzMzNDI@._V1_.jpg', u'width': 908, u'height': 1424}	695985	8.4	tt0086190	Star Wars: Episode VI - Return of the Jedi	feature	1983
73	True	{u'url': u'https://images-na.ssl-images-amazon.com/images/M/MV5BMTQyNjA5NzU5MV5BMl5BanBnXkFtZTgwMDk1MTA5MTE@._V1_.jpg', u'width': 350, u'height': 500}	100886	8.4	tt0022100	M	feature	1931
74	True	{u'url': u'https://images-na.ssl-images-amazon.com/images/M/MV5BNjE5ZDJiZTQtOGE2YS00ZTc5LTk0OGUtOTg2NjdjZmVlYzE2XkEyXkFqcGdeQXVyMzM4MjM0Nzg@._V1_.jpg', u'width': 936, u'height': 1351}	677260	8.4	tt0105236	Reservoir Dogs	feature	1992
75	True	{u'url': u'https://images-na.ssl-images-amazon.com/images/M/MV5BNTMyNGE1ODQtYTNiNS00ZTUyLThhZjktMTgyOGZkZThlYTc3XkEyXkFqcGdeQXVyMTQxNzMzNDI@._V1_.jpg', u'width': 1280, u'height': 1891}	749520	8.4	tt0112573	Braveheart	feature	1995
76	True	{u'url': u'https://images-na.ssl-images-amazon.com/images/M/MV5BMTA3MjVkMWMtYTQ4ZC00ODczLWFjYmQtMDFkZDQ2Y2M0NDVmXkEyXkFqcGdeQXVyMTQxNzMzNDI@._V1_.jpg', u'width': 1278, u'height': 1900}	544095	8.4	tt0211915	Amélie	feature	2001
77	True	{u'url': u'https://images-na.ssl-images-amazon.com/images/M/MV5BMTkzODMzODYwOF5BMl5BanBnXkFtZTcwODM2NjA2NQ@@._V1_.jpg', u'width': 300, u'height': 433}	583640	8.4	tt0180093	Requiem for a Dream	feature	2000
78	True	{u'url': u'https://images-na.ssl-images-amazon.com/images/M/MV5BMTY3MjM1Mzc4N15BMl5BanBnXkFtZTgwODM0NzAxMDE@._V1_.jpg', u'width': 878, u'height': 1300}	569068	8.3	tt0066921	A Clockwork Orange	feature	1971
79	True	{u'url': u'https://images-na.ssl-images-amazon.com/images/M/MV5BNGQxNDgzZWQtZTNjNi00M2RkLWExZmEtNmE1NjEyZDEwMzA5XkEyXkFqcGdeQXVyMTQxNzMzNDI@._V1_.jpg', u'width': 1889, u'height': 2886}	517482	8.3	tt0075314	Taxi Driver	feature	1976
80	True	{u'url': u'https://images-na.ssl-images-amazon.com/images/M/MV5BMTQzOTE4MTIzMV5BMl5BanBnXkFtZTgwODc1NDQ5MDE@._V1_.jpg', u'width': 329, u'height': 500}	99701	8.4	tt0036775	Double Indemnity	feature	1944
81	True	{u'url': u'https://images-na.ssl-images-amazon.com/images/M/MV5BYWY5ZjhjNGYtZmI2Ny00ODM0LWFkNzgtZmI1YzA2N2MxMzA0XkEyXkFqcGdeQXVyNjUwNzk3NDc@._V1_.jpg', u'width': 1920, u'height': 2767}	196279	8.4	tt0056172	Lawrence of Arabia	feature	1962
82	True	{u'url': u'https://images-na.ssl-images-amazon.com/images/M/MV5BMjA4MzI1NDY2Nl5BMl5BanBnXkFtZTcwMTcyODc5Mw@@._V1_.jpg', u'width': 328, u'height': 500}	219334	8.3	tt0056592	To Kill a Mockingbird	feature	1962
83	True	{u'url': u'https://images-na.ssl-images-amazon.com/images/M/MV5BMTgxOTY4Mjc0MF5BMl5BanBnXkFtZTcwNTA4MDQyMw@@._V1_.jpg', u'width': 1448, u'height': 2048}	555783	8.3	tt0435761	Toy Story 3	feature	2010
84	True	{u'url': u'https://images-na.ssl-images-amazon.com/images/M/MV5BMTY4NzcwODg3Nl5BMl5BanBnXkFtZTcwNTEwOTMyMw@@._V1_.jpg', u'width': 1382, u'height': 2048}	680184	8.3	tt0338013	Eternal Sunshine of the Spotless Mind	feature	2004
85	True	{u'url': u'https://images-na.ssl-images-amazon.com/images/M/MV5BMTg5NDkwMTk5N15BMl5BanBnXkFtZTYwODg3MDk2._V1_.jpg', u'width': 475, u'height': 704}	275705	8.3	tt0086879	Amadeus	feature	1984
86	True	{u'url': u'https://images-na.ssl-images-amazon.com/images/M/MV5BMjA4NzY4ODk4Nl5BMl5BanBnXkFtZTgwOTcxNTYxMTE@._V1_.jpg', u'width': 333, u'height': 500}	494848	8.3	tt0093058	Full Metal Jacket	feature	1987
87	True	{u'url': u'https://images-na.ssl-images-amazon.com/images/M/MV5BMTY5MjM1OTAyOV5BMl5BanBnXkFtZTgwMDkwODg4MDE@._V1._CR52,57,915,1388_.jpg', u'width': 915, u'height': 1388}	178824	8.3	tt0070735	The Sting	feature	1973
88	True	{u'url': u'https://images-na.ssl-images-amazon.com/images/M/MV5BMTZkZTBhYmUtMTIzNy00YTViLTg1OWItNGUwMmVlN2FjZTVkXkEyXkFqcGdeQXVyNDYyMDk5MTU@._V1_.jpg', u'width': 1080, u'height': 1600}	435938	8.3	tt0062622	2001: A Space Odyssey	feature	1968
89	True	{u'url': u'https://images-na.ssl-images-amazon.com/images/M/MV5BMjIzMzAyMzg1Nl5BMl5BanBnXkFtZTgwMzMyNzk0MTE@._V1_.jpg', u'width': 2285, u'height': 3300}	96773	8.3	tt0040522	Bicycle Thieves	feature	1948
90	True	{u'url': u'https://images-na.ssl-images-amazon.com/images/M/MV5BMDU2ZWJlMjktMTRhMy00ZTA5LWEzNDgtYmNmZTEwZTViZWJkXkEyXkFqcGdeQXVyNDQ2OTk4MzI@._V1_.jpg', u'width': 1005, u'height': 1500}	636751	8.3	tt0114709	Toy Story	feature	1995
91	True	{u'url': u'https://images-na.ssl-images-amazon.com/images/M/MV5BMTA2NDYxOGYtYjU1Mi00Y2QzLTgxMTQtMWI1MGI0ZGQ5MmU4XkEyXkFqcGdeQXVyNDk3NzU2MTQ@._V1_.jpg', u'width': 1026, u'height': 1500}	611043	8.3	tt0208092	Snatch	feature	2000
92	True	{u'url': u'https://images-na.ssl-images-amazon.com/images/M/MV5BMTUxMTIyNTI4Nl5BMl5BanBnXkFtZTcwNTk1ODQyMg@@._V1_.jpg', u'width': 324, u'height': 500}	152921	8.3	tt0045152	Singin' in the Rain	feature	1952
93	True	{u'url': u'https://images-na.ssl-images-amazon.com/images/M/MV5BOTJiNDEzOWYtMTVjOC00ZjlmLWE0NGMtZmE1OWVmZDQ2OWJhXkEyXkFqcGdeQXVyNTIzOTk5ODM@._V1_.jpg', u'width': 2025, u'height': 3000}	904268	8.3	tt0361748	Inglourious Basterds	feature	2009
94	True	{u'url': u'https://images-na.ssl-images-amazon.com/images/M/MV5BNjE4MWM3MDctOTk2NC00MTUwLTg2OTUtYjg5YWU3MzRmYTg0XkEyXkFqcGdeQXVyMTQxNzMzNDI@._V1_.jpg', u'width': 1063, u'height': 1500}	69540	8.3	tt0012349	The Kid	feature	1921
95	True	{u'url': u'https://images-na.ssl-images-amazon.com/images/M/MV5BYzgyYzc4Y2QtNDcyZS00NDdmLWI5ZTYtMTQ2YWU5MWFhOTE4XkEyXkFqcGdeQXVyMTQxNzMzNDI@._V1_.jpg', u'width': 580, u'height': 858}	388393	8.3	tt0071853	Monty Python and the Holy Grail	feature	1975
96	True	{u'url': u'https://images-na.ssl-images-amazon.com/images/M/MV5BNWEwNDhhNWUtYWMzNi00ZTNhLWFiZDAtMjBjZmJhMTU0ZTY2XkEyXkFqcGdeQXVyNDk3NzU2MTQ@._V1_.jpg', u'width': 733, u'height': 1100}	420993	8.3	tt0119488	L.A. Confidential	feature	1997
97	True	{u'url': u'https://images-na.ssl-images-amazon.com/images/M/MV5BMTQzMjIzOTEzMF5BMl5BanBnXkFtZTcwMTUzNTk3NA@@._V1_.jpg', u'width': 682, u'height': 1023}	160882	8.3	tt0059578	For a Few Dollars More	feature	1965
98	True	{u'url': u'https://images-na.ssl-images-amazon.com/images/M/MV5BMjEzMzA4NDE2OF5BMl5BanBnXkFtZTcwNTc5MDI2NQ@@._V1._CR0,0,503,683_.jpg', u'width': 503, u'height': 683}	104813	8.3	tt0042876	Rashomon	feature	1950
99	True	{u'url': u'https://images-na.ssl-images-amazon.com/images/M/MV5BZWRlNDdkNzItMzhlZC00YTdmLWIwNjktYjY5NjQ1ZmQ3N2FkXkEyXkFqcGdeQXVyNjU0OTQ0OTY@._V1_.jpg', u'width': 1110, u'height': 1485}	215620	8.4	tt1187043	3 Idiots	feature	2009
100	True	{u'url': u'https://images-na.ssl-images-amazon.com/images/M/MV5BMTM1OTc4MzgzNl5BMl5BanBnXkFtZTcwNTE2NjgyMw@@._V1_.jpg', u'width': 1234, u'height': 2048}	111585	8.3	tt0053604	The Apartment	feature	1960
101	True	{u'url': u'https://images-na.ssl-images-amazon.com/images/M/MV5BMjAzOTM4MzEwNl5BMl5BanBnXkFtZTgwMzU1OTc1MDE@._V1_.jpg', u'width': 675, u'height': 1000}	547506	8.3	tt0086250	Scarface	feature	1983
102	True	{u'url': u'https://images-na.ssl-images-amazon.com/images/M/MV5BMjNkMzc2N2QtNjVlNS00ZTk5LTg0MTgtODY2MDAwNTMwZjBjXkEyXkFqcGdeQXVyNDk3NzU2MTQ@._V1_.jpg', u'width': 1500, u'height': 2212}	524600	8.3	tt0097576	Indiana Jones and the Last Crusade	feature	1989
103	True	{u'url': u'https://images-na.ssl-images-amazon.com/images/M/MV5BMTYzMzU4NDUwOF5BMl5BanBnXkFtZTcwMTM5MjA5Ng@@._V1_.jpg', u'width': 893, u'height': 1323}	155336	8.4	tt1832382	A Separation	feature	2011
104	True	{u'url': u'https://images-na.ssl-images-amazon.com/images/M/MV5BNDAzNTkyODg1MF5BMl5BanBnXkFtZTgwMDA3NDkwMDE@._V1_.jpg', u'width': 323, u'height': 500}	114030	8.3	tt0017136	Metropolis	feature	1927
105	True	{u'url': u'https://images-na.ssl-images-amazon.com/images/M/MV5BMTg2NDg3ODg4NF5BMl5BanBnXkFtZTcwNzk3NTc3Nw@@._V1_.jpg', u'width': 4134, u'height': 5906}	175705	8.3	tt2106476	The Hunt	feature	2012
106	True	{u'url': u'https://images-na.ssl-images-amazon.com/images/M/MV5BOTI0MzcxMTYtZDVkMy00NjY1LTgyMTYtZmUxN2M3NmQ2NWJhXkEyXkFqcGdeQXVyMTQxNzMzNDI@._V1_.jpg', u'width': 983, u'height': 1500}	617826	8.3	tt0119217	Good Will Hunting	feature	1997
107	True	{u'url': u'https://images-na.ssl-images-amazon.com/images/M/MV5BMTY2MTAzODI5NV5BMl5BanBnXkFtZTgwMjM4NzQ0MjE@._V1_.jpg', u'width': 1000, u'height': 1500}	84419	8.3	tt0042192	All About Eve	feature	1950
108	True	{u'url': u'https://images-na.ssl-images-amazon.com/images/M/MV5BMjAwNTQ3ODUyMl5BMl5BanBnXkFtZTgwNDg5ODQyNjE@._V1_.jpg', u'width': 345, u'height': 500}	75436	8.3	tt0055630	Yojimbo	feature	1961
109	True	{u'url': u'https://images-na.ssl-images-amazon.com/images/M/MV5BNTM3OTc0MzM2OV5BMl5BanBnXkFtZTYwNzUwMTI3._V1_.jpg', u'width': 485, u'height': 721}	999633	8.3	tt0372784	Batman Begins	feature	2005
110	True	{u'url': u'https://images-na.ssl-images-amazon.com/images/M/MV5BMTQ4MzUzOTYwOV5BMl5BanBnXkFtZTgwNDA4MzgyMjE@._V1_.jpg', u'width': 338, u'height': 500}	80707	8.3	tt0040897	The Treasure of the Sierra Madre	feature	1948
111	True	{u'url': u'https://images-na.ssl-images-amazon.com/images/M/MV5BY2JlMWQ2M2QtMjgwYy00MzY3LTg5ZTgtYjc2OTA5MWFkNGMyXkEyXkFqcGdeQXVyNjc0MzMzNjA@._V1_.jpg', u'width': 911, u'height': 1421}	178184	8.3	tt0053291	Some Like It Hot	feature	1959
112	True	{u'url': u'https://images-na.ssl-images-amazon.com/images/M/MV5BMTk3NDE2NzI4NF5BMl5BanBnXkFtZTgwNzE1MzEyMTE@._V1_.jpg', u'width': 704, u'height': 1060}	680413	8.3	tt1049413	Up	feature	2009
113	True	{u'url': u'https://images-na.ssl-images-amazon.com/images/M/MV5BODM3YWY4NmQtN2Y3Ni00OTg0LWFhZGQtZWE3ZWY4MTJlOWU4XkEyXkFqcGdeQXVyNjU0OTQ0OTY@._V1_.jpg', u'width': 2100, u'height': 3155}	282500	8.3	tt0105695	Unforgiven	feature	1992
114	True	{u'url': u'https://images-na.ssl-images-amazon.com/images/M/MV5BMjMwNzMzMTQ0Ml5BMl5BanBnXkFtZTgwNjExMzUwNjE@._V1_.jpg', u'width': 800, u'height': 1185}	115795	8.3	tt0041959	The Third Man	feature	1949
115	True	{u'url': u'https://images-na.ssl-images-amazon.com/images/M/MV5BMTM1OTI1MjE2Nl5BMl5BanBnXkFtZTcwMTEwMzc4NA@@._V1_.jpg', u'width': 1382, u'height': 2048}	252562	8.3	tt0363163	Downfall	feature	2004
116	True	{u'url': u'https://images-na.ssl-images-amazon.com/images/M/MV5BMjIxOTg3OTc5MF5BMl5BanBnXkFtZTcwNzkwNjMwNA@@._V1_.jpg', u'width': 682, u'height': 1023}	239062	8.3	tt0081398	Raging Bull	feature	1980
117	True	{u'url': u'https://images-na.ssl-images-amazon.com/images/M/MV5BMTg0OTk4MDEwMV5BMl5BanBnXkFtZTYwNzMwNzI5._V1_.jpg', u'width': 331, u'height': 475}	29846	8.4	tt0118849	Children of Heaven	feature	1997
118	True	{u'url': u'https://images-na.ssl-images-amazon.com/images/M/MV5BMzNmY2IwYzAtNDQ1NC00MmI4LThkOTgtZmVhYmExOTVhMWRkXkEyXkFqcGdeQXVyMTk5NDA3Nw@@._V1_.jpg', u'width': 580, u'height': 859}	602426	8.2	tt0095016	Die Hard	feature	1988
119	True	{u'url': u'https://images-na.ssl-images-amazon.com/images/M/MV5BMjI2MTQwNDI3Nl5BMl5BanBnXkFtZTcwNDk4MTkzNA@@._V1_.jpg', u'width': 682, u'height': 1023}	168689	8.3	tt0057115	The Great Escape	feature	1963
120	True	{u'url': u'https://images-na.ssl-images-amazon.com/images/M/MV5BNGMwNzUwNjYtZWM5NS00YzMyLWI4NjAtNjM0ZDBiMzE1YWExXkEyXkFqcGdeQXVyNDk3NzU2MTQ@._V1_.jpg', u'width': 1935, u'height': 2850}	438346	8.2	tt0113277	Heat	feature	1995
121	True	{u'url': u'https://images-na.ssl-images-amazon.com/images/M/MV5BN2YyNDE5NzItMjAwNC00MGQxLTllNjktZGIzMWFkZjA3OWQ0XkEyXkFqcGdeQXVyNDk3NzU2MTQ@._V1_.jpg', u'width': 2015, u'height': 2882}	220257	8.2	tt0071315	Chinatown	feature	1974
122	True	{u'url': u'https://images-na.ssl-images-amazon.com/images/M/MV5BOTgxMDQwMDk0OF5BMl5BanBnXkFtZTgwNjU5OTg2NDE@._V1_.jpg', u'width': 1086, u'height': 1609}	365986	8.2	tt2096673	Inside Out	feature	2015
123	True	{u'url': u'https://images-na.ssl-images-amazon.com/images/M/MV5BMTU3ODg2NjQ5NF5BMl5BanBnXkFtZTcwMDEwODgzMQ@@._V1_.jpg', u'width': 689, u'height': 1014}	475980	8.2	tt0457430	Pan's Labyrinth	feature	2006
124	True	{u'url': u'https://images-na.ssl-images-amazon.com/images/M/MV5BMTcwMTU3MjI1OV5BMl5BanBnXkFtZTgwNjE2OTI3MjE@._V1_.jpg', u'width': 357, u'height': 500}	102727	8.2	tt0047296	On the Waterfront	feature	1954
125	True	{u'url': u'https://images-na.ssl-images-amazon.com/images/M/MV5BMjE4NzgzNzEwMl5BMl5BanBnXkFtZTgwMTMzMDE0NjE@._V1_.jpg', u'width': 972, u'height': 1440}	180261	8.2	tt3170832	Room	feature	2015
126	True	{u'url': u'https://images-na.ssl-images-amazon.com/images/M/MV5BMjE3NzY5ODQwMV5BMl5BanBnXkFtZTcwNzY1NzcxNw@@._V1_.jpg', u'width': 500, u'height': 690}	177395	8.2	tt0096283	My Neighbor Totoro	feature	1988
127	True	{u'url': u'https://images-na.ssl-images-amazon.com/images/M/MV5BMTcyMDU0MTQzNV5BMl5BanBnXkFtZTcwOTk2NDQyMQ@@._V1._CR12,28,314,446_.jpg', u'width': 314, u'height': 446}	43262	8.3	tt0044741	Ikiru	feature	1952
128	True	{u'url': u'https://images-na.ssl-images-amazon.com/images/M/MV5BNTEyNjg0MDM4OF5BMl5BanBnXkFtZTgwODI0NjUxODE@._V1_.jpg', u'width': 654, u'height': 938}	79223	8.3	tt0089881	Ran	feature	1985
129	True	{u'url': u'https://images-na.ssl-images-amazon.com/images/M/MV5BMzYzMDQyNzA4NV5BMl5BanBnXkFtZTYwNDU5NDU5._V1_.jpg', u'width': 350, u'height': 475}	69383	8.2	tt0015864	The Gold Rush	feature	1925
130	True	{u'url': u'https://images-na.ssl-images-amazon.com/images/M/MV5BNTEwOTE4OGMtM2ZmMC00NmZmLThlM2ItNmYxNWJkNWM4YjJkXkEyXkFqcGdeQXVyNDYyMDk5MTU@._V1_.jpg', u'width': 2657, u'height': 3993}	152343	8.2	tt0050212	The Bridge on the River Kwai	feature	1957
131	True	{u'url': u'https://images-na.ssl-images-amazon.com/images/M/MV5BMTAxMjRiMGUtN2Q1Zi00ODg5LThhMTItMTJmNTRmYWFhNGRjXkEyXkFqcGdeQXVyNTA4NzY1MzY@._V1_.jpg', u'width': 773, u'height': 1200}	78649	8.2	tt0031679	Mr. Smith Goes to Washington	feature	1939
132	True	{u'url': u'https://images-na.ssl-images-amazon.com/images/M/MV5BMTgwNTI3OTczOV5BMl5BanBnXkFtZTcwMTM3MTUyMw@@._V1_.jpg', u'width': 889, u'height': 1315}	135385	8.2	tt1305806	The Secret in Their Eyes	feature	2009
133	True	{u'url': u'https://images-na.ssl-images-amazon.com/images/M/MV5BZWZlYmEyYTItNGRjYy00ZmMxLWEzMWItM2Q2NjZlNTMwMjQ3XkEyXkFqcGdeQXVyNDYyMDk5MTU@._V1_.jpg', u'width': 998, u'height': 1500}	469002	8.2	tt0083658	Blade Runner	feature	1982
134	True	{u'url': u'https://images-na.ssl-images-amazon.com/images/M/MV5BMTUzODUyNjkxM15BMl5BanBnXkFtZTcwODA5MTM1Mg@@._V1_.jpg', u'width': 354, u'height': 500}	114206	8.2	tt0050976	The Seventh Seal	feature	1957
135	True	{u'url': u'https://images-na.ssl-images-amazon.com/images/M/MV5BMTAyN2JmZmEtNjAyMy00NzYwLThmY2MtYWQ3OGNhNjExMmM4XkEyXkFqcGdeQXVyNDk3NzU2MTQ@._V1_.jpg', u'width': 1600, u'height': 2400}	421551	8.2	tt0120735	Lock, Stock and Two Smoking Barrels	feature	1998
136	True	{u'url': u'https://images-na.ssl-images-amazon.com/images/M/MV5BMTY1OTg0MjE3MV5BMl5BanBnXkFtZTcwNTUxMTkyMQ@@._V1_.jpg', u'width': 1578, u'height': 2340}	219385	8.2	tt0347149	Howl's Moving Castle	feature	2004
137	True	{u'url': u'https://images-na.ssl-images-amazon.com/images/M/MV5BMTcxOWYzNDYtYmM4YS00N2NkLTk0NTAtNjg1ODgwZjAxYzI3XkEyXkFqcGdeQXVyNTA4NzY1MzY@._V1_.jpg', u'width': 800, u'height': 1200}	339907	8.2	tt0112641	Casino	feature	1995
138	True	{u'url': u'https://images-na.ssl-images-amazon.com/images/M/MV5BNDc2ODQ5NTE2MV5BMl5BanBnXkFtZTcwODExMjUyNA@@._V1_.jpg', u'width': 682, u'height': 1023}	45622	8.3	tt0055031	Judgment at Nuremberg	feature	1961
139	True	{u'url': u'https://images-na.ssl-images-amazon.com/images/M/MV5BMjQxMjk5ODUxMl5BMl5BanBnXkFtZTgwNDI2MjUwMzE@._V1_.jpg', u'width': 1211, u'height': 1748}	26388	8.3	tt0019254	The Passion of Joan of Arc	feature	1928
140	True	{u'url': u'https://images-na.ssl-images-amazon.com/images/M/MV5BMjgwNjI3NTM1MF5BMl5BanBnXkFtZTgwNzY3MTUyMjE@._V1_.jpg', u'width': 342, u'height': 500}	64384	8.2	tt0050986	Wild Strawberries	feature	1957
141	True	{u'url': u'https://images-na.ssl-images-amazon.com/images/M/MV5BODQxMzMyNTY5Nl5BMl5BanBnXkFtZTcwMDMyNTk3OA@@._V1_.jpg', u'width': 262, u'height': 410}	54697	8.2	tt0017925	The General	feature	1926
142	True	{u'url': u'https://images-na.ssl-images-amazon.com/images/M/MV5BMDVjNjIwOGItNDE3Ny00OThjLWE0NzQtZTU3YjMzZTZjMzhkXkEyXkFqcGdeQXVyMTQxNzMzNDI@._V1_.jpg', u'width': 757, u'height': 1129}	164832	8.2	tt0080678	The Elephant Man	feature	1980
143	True	{u'url': u'https://images-na.ssl-images-amazon.com/images/M/MV5BMzcwYWFkYzktZjAzNC00OGY1LWI4YTgtNzc5MzVjMDVmNjY0XkEyXkFqcGdeQXVyMTQxNzMzNDI@._V1_.jpg', u'width': 1010, u'height': 1500}	623933	8.2	tt0268978	A Beautiful Mind	feature	2001
144	True	{u'url': u'https://images-na.ssl-images-amazon.com/images/M/MV5BMjIzNzg4MzcxNV5BMl5BanBnXkFtZTgwMTgzNTE0MTE@._V1_.jpg', u'width': 324, u'height': 500}	30167	8.3	tt0018455	Sunrise	feature	1927
145	True	{u'url': u'https://images-na.ssl-images-amazon.com/images/M/MV5BMTk4ODk5MTMyNV5BMl5BanBnXkFtZTcwMDMyNTg0Ng@@._V1_.jpg', u'width': 1328, u'height': 2048}	338583	8.2	tt1291584	Warrior	feature	2011
146	True	{u'url': u'https://images-na.ssl-images-amazon.com/images/M/MV5BMjIxMjgxNTk0MF5BMl5BanBnXkFtZTgwNjIyOTg2MDE@._V1_.jpg', u'width': 1382, u'height': 2048}	803419	8.2	tt0993846	The Wolf of Wall Street	feature	2013
147	True	{u'url': u'https://images-na.ssl-images-amazon.com/images/M/MV5BOTI5ODc3NzExNV5BMl5BanBnXkFtZTcwNzYxNzQzMw@@._V1_.jpg', u'width': 1383, u'height': 2048}	805770	8.2	tt0434409	V for Vendetta	feature	2005
148	True	{u'url': u'https://images-na.ssl-images-amazon.com/images/M/MV5BMTg4MzA0NjI5OF5BMl5BanBnXkFtZTcwNTUwMzQzNg@@._V1_.jpg', u'width': 1533, u'height': 2161}	83284	8.2	tt1255953	Incendies	feature	2010
149	True	{u'url': u'https://images-na.ssl-images-amazon.com/images/M/MV5BMTQyMTczMTAxMl5BMl5BanBnXkFtZTcwOTc1ODE0Mg@@._V1_.jpg', u'width': 353, u'height': 500}	570354	8.2	tt1205489	Gran Torino	feature	2008
150	True	{u'url': u'https://images-na.ssl-images-amazon.com/images/M/MV5BZTFjMjBiYzItNzU5YS00MjdiLWJkOTktNDQ3MTE3ZjY2YTY5XkEyXkFqcGdeQXVyNDk3NzU2MTQ@._V1_.jpg', u'width': 2100, u'height': 3156}	547844	8.2	tt0118715	The Big Lebowski	feature	1998
151	True	{u'url': u'https://images-na.ssl-images-amazon.com/images/M/MV5BMmIxZGIzZmMtMGU3Ny00OWU2LWI2NjMtZmVjN2M0MDYwMmVlXkEyXkFqcGdeQXVyMTQxNzMzNDI@._V1_.jpg', u'width': 348, u'height': 490}	27790	8.3	tt0046438	Tokyo Story	feature	1953
152	True	{u'url': u'https://images-na.ssl-images-amazon.com/images/M/MV5BMTYzYmRmZTQtYjk2NS00MDdlLTkxMDAtMTE2YTM2ZmNlMTBkXkEyXkFqcGdeQXVyNjU0OTQ0OTY@._V1_.jpg', u'width': 2170, u'height': 3200}	236556	8.2	tt0077416	The Deer Hunter	feature	1978
153	True	{u'url': u'https://images-na.ssl-images-amazon.com/images/M/MV5BMTkyNzc4ODk4N15BMl5BanBnXkFtZTcwMDE5ODEwNA@@._V1_.jpg', u'width': 332, u'height': 500}	108868	8.2	tt0046912	Dial M for Murder	feature	1954
154	True	{u'url': u'https://images-na.ssl-images-amazon.com/images/M/MV5BMzA5Zjc3ZTMtMmU5YS00YTMwLWI4MWUtYTU0YTVmNjVmODZhXkEyXkFqcGdeQXVyNjU0OTQ0OTY@._V1_.jpg', u'width': 2025, u'height': 3000}	477669	8.2	tt0117951	Trainspotting	feature	1996
155	True	{u'url': u'https://images-na.ssl-images-amazon.com/images/M/MV5BYWQwOWVkMGItMDU2Yy00YjIzLWJkMjEtNmVkZjE3MjMwYzEzXkEyXkFqcGdeQXVyNjU0OTQ0OTY@._V1_.jpg', u'width': 1928, u'height': 2954}	218912	8.2	tt0031381	Gone with the Wind	feature	1939
156	True	{u'url': u'https://images-na.ssl-images-amazon.com/images/M/MV5BMTgxNzY3MzUxOV5BMl5BanBnXkFtZTcwMDA0NjMyNA@@._V1_.jpg', u'width': 682, u'height': 1023}	462750	8.1	tt0116282	Fargo	feature	1996
157	True	{u'url': u'https://images-na.ssl-images-amazon.com/images/M/MV5BMTM5ODA4ODMzM15BMl5BanBnXkFtZTcwOTA2NTEwNA@@._V1._CR9,22,314,458_.jpg', u'width': 314, u'height': 458}	89044	8.2	tt0032976	Rebecca	feature	1940
158	True	{u'url': u'https://images-na.ssl-images-amazon.com/images/M/MV5BZTAzNWZlNmUtZDEzYi00ZjA5LWIwYjEtZGM1NWE1MjE4YWRhXkEyXkFqcGdeQXVyNjU0OTQ0OTY@._V1_.jpg', u'width': 2015, u'height': 3000}	708049	8.2	tt0266543	Finding Nemo	feature	2003
159	True	{u'url': u'https://images-na.ssl-images-amazon.com/images/M/MV5BOWFlNzZhYmYtYTI5YS00MDQyLWIyNTUtNTRjMWUwNTEzNjA0XkEyXkFqcGdeQXVyNjUwNzk3NDc@._V1_.jpg', u'width': 975, u'height': 1467}	121815	8.2	tt0061512	Cool Hand Luke	feature	1967
160	True	{u'url': u'https://images-na.ssl-images-amazon.com/images/M/MV5BOTAzODEzNDAzMl5BMl5BanBnXkFtZTgwMDU1MTgzNzE@._V1_.jpg', u'width': 2194, u'height': 3240}	592576	8.2	tt2488496	Star Wars: The Force Awakens	feature	2015
161	True	{u'url': u'https://images-na.ssl-images-amazon.com/images/M/MV5BMWM4NTFhYjctNzUyNi00NGMwLTk3NTYtMDIyNTZmMzRlYmQyXkEyXkFqcGdeQXVyMTAwMzUyOTc@._V1_.jpg', u'width': 500, u'height': 739}	716188	8.1	tt0167404	The Sixth Sense	feature	1999
162	True	{u'url': u'https://images-na.ssl-images-amazon.com/images/M/MV5BMjA5NDQyMjc2NF5BMl5BanBnXkFtZTcwMjg5ODcyMw@@._V1_.jpg', u'width': 1119, u'height': 1665}	495569	8.2	tt0892769	How to Train Your Dragon	feature	2010
163	True	{u'url': u'https://images-na.ssl-images-amazon.com/images/M/MV5BMTRlMGIzYjItNTUwYS00OTc2LTk0ODktMGRjYWNlOTg3NzkwXkEyXkFqcGdeQXVyMTQxNzMzNDI@._V1_.jpg', u'width': 568, u'height': 885}	263941	8.2	tt0084787	The Thing	feature	1982
164	True	{u'url': u'https://images-na.ssl-images-amazon.com/images/M/MV5BMjA5Njk3MjM4OV5BMl5BanBnXkFtZTcwMTc5MTE1MQ@@._V1_.jpg', u'width': 555, u'height': 817}	625415	8.1	tt0477348	No Country for Old Men	feature	2007
165	True	{u'url': u'https://images-na.ssl-images-amazon.com/images/M/MV5BMTAwNDEyODU1MjheQTJeQWpwZ15BbWU2MDc3NDQwNw@@._V1_.jpg', u'width': 450, u'height': 664}	435178	8.2	tt0758758	Into the Wild	feature	2007
166	True	{u'url': u'https://images-na.ssl-images-amazon.com/images/M/MV5BMTU1NDg1Mzg4M15BMl5BanBnXkFtZTYwMDExOTc3._V1_.jpg', u'width': 450, u'height': 702}	749014	8.1	tt0266697	Kill Bill: Vol. 1	feature	2003
167	True	{u'url': u'https://images-na.ssl-images-amazon.com/images/M/MV5BMTQ1NDIyNTA1Nl5BMl5BanBnXkFtZTcwMjc2Njk3OA@@._V1_.jpg', u'width': 351, u'height': 500}	122001	8.2	tt0978762	Mary and Max	feature	2009
168	True	{u'url': u'https://images-na.ssl-images-amazon.com/images/M/MV5BMTk0MDQ3MzAzOV5BMl5BanBnXkFtZTgwNzU1NzE3MjE@._V1_.jpg', u'width': 1390, u'height': 2048}	587492	8.1	tt2267998	Gone Girl	feature	2014
169	True	{u'url': u'https://images-na.ssl-images-amazon.com/images/M/MV5BMjAxODQ4MDU5NV5BMl5BanBnXkFtZTcwMDU4MjU1MQ@@._V1_.jpg', u'width': 510, u'height': 755}	380905	8.1	tt0469494	There Will Be Blood	feature	2007
170	True	{u'url': u'https://images-na.ssl-images-amazon.com/images/M/MV5BMjIyMjM4NTQ2OF5BMl5BanBnXkFtZTgwOTM4MTI2MTE@._V1_.jpg', u'width': 348, u'height': 500}	26913	8.3	tt0091251	Come and See	feature	1985
171	True	{u'url': u'https://images-na.ssl-images-amazon.com/images/M/MV5BMTczOTQ1MTQ4MF5BMl5BanBnXkFtZTcwODI2MDk4OQ@@._V1_.jpg', u'width': 330, u'height': 500}	66273	8.2	tt0025316	It Happened One Night	feature	1934
172	True	{u'url': u'https://images-na.ssl-images-amazon.com/images/M/MV5BMzAwNjU1OTktYjY3Mi00NDY5LWFlZWUtZjhjNGE0OTkwZDkwXkEyXkFqcGdeQXVyMTQxNzMzNDI@._V1_.jpg', u'width': 863, u'height': 1354}	277109	8.1	tt0079470	Life of Brian	feature	1979
173	True	{u'url': u'https://images-na.ssl-images-amazon.com/images/M/MV5BMTQyMDE0MTY0OV5BMl5BanBnXkFtZTcwMjI2OTI0OQ@@._V1_.jpg', u'width': 1292, u'height': 2048}	320017	8.1	tt1979320	Rush	feature	2013
174	True	{u'url': u'https://images-na.ssl-images-amazon.com/images/M/MV5BMjE0OTY0ODk2MF5BMl5BanBnXkFtZTcwNjQ5NjIzMQ@@._V1_.jpg', u'width': 359, u'height': 500}	31849	8.4	tt0074896	The Message	feature	1976
175	True	{u'url': u'https://images-na.ssl-images-amazon.com/images/M/MV5BMTI2MzQyNTc1M15BMl5BanBnXkFtZTYwMjExNjc3._V1_.jpg', u'width': 333, u'height': 500}	268856	8.1	tt0395169	Hotel Rwanda	feature	2004
176	True	{u'url': u'https://images-na.ssl-images-amazon.com/images/M/MV5BNTU3NzY4ODY5MF5BMl5BanBnXkFtZTcwOTkzNzE1NA@@._V1_.jpg', u'width': 682, u'height': 1023}	296345	8.1	tt0091763	Platoon	feature	1986
177	True	{u'url': u'https://images-na.ssl-images-amazon.com/images/M/MV5BMTcwODQxMDg5OV5BMl5BanBnXkFtZTgwNjczMzkwMzE@._V1_.jpg', u'width': 352, u'height': 500}	26821	8.2	tt0050783	Nights of Cabiria	feature	1957
178	True	{u'url': u'https://images-na.ssl-images-amazon.com/images/M/MV5BNzk5MjcxNTg2MF5BMl5BanBnXkFtZTgwMzY2MTUxMDE@._V1_.jpg', u'width': 373, u'height': 500}	105577	8.1	tt0074958	Network	feature	1976
179	True	{u'url': u'https://images-na.ssl-images-amazon.com/images/M/MV5BMTQ5MzkyNDgyMF5BMl5BanBnXkFtZTgwODg2MTMzMjE@._V1_.jpg', u'width': 340, u'height': 500}	36130	8.2	tt0046268	The Wages of Fear	feature	1953
180	True	{u'url': u'https://images-na.ssl-images-amazon.com/images/M/MV5BMTMxMTIyNzMxMV5BMl5BanBnXkFtZTcwOTc4OTI3Mg@@._V1_.jpg', u'width': 501, u'height': 755}	803966	8.1	tt1130884	Shutter Island	feature	2010
181	True	{u'url': u'https://images-na.ssl-images-amazon.com/images/M/MV5BMjIyOTM5OTIzNV5BMl5BanBnXkFtZTgwMDkzODE2NjE@._V1_.jpg', u'width': 1893, u'height': 2800}	218034	8.1	tt1895587	Spotlight	feature	2015
182	True	{u'url': u'https://images-na.ssl-images-amazon.com/images/M/MV5BMTc4MDEzOTMwMl5BMl5BanBnXkFtZTgwMTc2NjgyMjE@._V1_.jpg', u'width': 338, u'height': 500}	115324	8.1	tt0033870	The Maltese Falcon	feature	1941
183	True	{u'url': u'https://images-na.ssl-images-amazon.com/images/M/MV5BMTkyMTM2NDk5Nl5BMl5BanBnXkFtZTgwNzY1NzEyMDE@._V1_.jpg', u'width': 675, u'height': 1000}	154946	8.1	tt0064115	Butch Cassidy and the Sundance Kid	feature	1969
184	True	{u'url': u'https://images-na.ssl-images-amazon.com/images/M/MV5BMTUyMTE0ODcxNF5BMl5BanBnXkFtZTgwODE4NDQzNTE@._V1_.jpg', u'width': 1407, u'height': 2048}	576154	8.1	tt1392190	Mad Max: Fury Road	feature	2015
185	True	{u'url': u'https://images-na.ssl-images-amazon.com/images/M/MV5BZWRmOGU2M2ItMTJhMi00ZDA3LWJhOWItYWQ3NjI5NjEyNTFlXkEyXkFqcGdeQXVyNjUwNzk3NDc@._V1_.jpg', u'width': 516, u'height': 755}	277414	8.1	tt0092005	Stand by Me	feature	1986
186	True	{u'url': u'https://images-na.ssl-images-amazon.com/images/M/MV5BMTcwNjMyMzI0OV5BMl5BanBnXkFtZTgwMDU4NjkzMTE@._V1_.jpg', u'width': 336, u'height': 500}	112261	8.1	tt0107207	In the Name of the Father	feature	1993
187	True	{u'url': u'https://images-na.ssl-images-amazon.com/images/M/MV5BMTQzNTMzOTA2Ml5BMl5BanBnXkFtZTgwNDQ2OTI3MjE@._V1_.jpg', u'width': 340, u'height': 500}	71656	8.1	tt0053198	The 400 Blows	feature	1959
188	True	{u'url': u'https://images-na.ssl-images-amazon.com/images/M/MV5BNzAzMjA1ODAxOV5BMl5BanBnXkFtZTgwODg4NTQzNDE@._V1_.jpg', u'width': 1382, u'height': 2048}	95538	8.1	tt3011894	Wild Tales	feature	2014
189	True	{u'url': u'https://images-na.ssl-images-amazon.com/images/M/MV5BMjExMTEzODkyN15BMl5BanBnXkFtZTcwNTU4NTc4OQ@@._V1_.jpg', u'width': 509, u'height': 755}	451172	8.1	tt2024544	12 Years a Slave	feature	2013
190	True	{u'url': u'https://images-na.ssl-images-amazon.com/images/M/MV5BMTc1OTgxNjYyNF5BMl5BanBnXkFtZTcwNjM2MjM2NQ@@._V1_.jpg', u'width': 649, u'height': 1023}	63360	8.1	tt0060827	Persona	feature	1966
191	True	{u'url': u'https://images-na.ssl-images-amazon.com/images/M/MV5BNjg2NjA3NDY2OV5BMl5BanBnXkFtZTgwNzE3NTkxMTE@._V1_.jpg', u'width': 880, u'height': 1304}	164510	8.1	tt0052618	Ben-Hur	feature	1959
192	True	{u'url': u'https://images-na.ssl-images-amazon.com/images/M/MV5BMzM5NjUxOTEyMl5BMl5BanBnXkFtZTgwNjEyMDM0MDE@._V1_.jpg', u'width': 1350, u'height': 2000}	490894	8.1	tt2278388	The Grand Budapest Hotel	feature	2014
193	True	{u'url': u'https://images-na.ssl-images-amazon.com/images/M/MV5BZjYwYzliYTktMzk3MS00MzE0LTllM2QtMDk3MTFmOGQ2MjE0XkEyXkFqcGdeQXVyMTQxNzMzNDI@._V1_.jpg', u'width': 564, u'height': 838}	176288	8.1	tt0245712	Amores Perros	feature	2000
194	True	{u'url': u'https://images-na.ssl-images-amazon.com/images/M/MV5BMTkxNzA1NDQxOV5BMl5BanBnXkFtZTcwNTkyMTIzMw@@._V1_.jpg', u'width': 1390, u'height': 2048}	490599	8.1	tt0405159	Million Dollar Baby	feature	2004
195	True	{u'url': u'https://images-na.ssl-images-amazon.com/images/M/MV5BMGM4M2Q5N2MtNThkZS00NTc1LTk1NTItNWEyZjJjNDRmNDk5XkEyXkFqcGdeQXVyMjA0MDQ0Mjc@._V1_.jpg', u'width': 1083, u'height': 1600}	299149	8.1	tt0093779	The Princess Bride	feature	1987
196	True	{u'url': u'https://images-na.ssl-images-amazon.com/images/M/MV5BMjM2MDgxMDg0Nl5BMl5BanBnXkFtZTgwNTM2OTM5NDE@._V1_.jpg', u'width': 667, u'height': 1000}	626910	8.1	tt0107290	Jurassic Park	feature	1993
197	True	{u'url': u'https://images-na.ssl-images-amazon.com/images/M/MV5BMTAxMDA2MjM4NDReQTJeQWpwZ15BbWU3MDE0NTgxMTM@._V1_.jpg', u'width': 300, u'height': 430}	161148	8.1	tt1028532	Hachi: A Dog's Tale	feature	2009
198	True	{u'url': u'https://images-na.ssl-images-amazon.com/images/M/MV5BOWU0NzY2YjktYmY2Ni00ODZmLWJjYjctOWY1MzBkOWM4M2MwXkEyXkFqcGdeQXVyMzM4MjM0Nzg@._V1_.jpg', u'width': 1050, u'height': 1500}	98652	8.1	tt0087544	Nausicaä of the Valley of the Wind	feature	1984
199	True	{u'url': u'https://images-na.ssl-images-amazon.com/images/M/MV5BOTBlNGM0MjMtMDBhNi00NGJhLTliOTUtNDdlNjUwMTBkOTE1XkEyXkFqcGdeQXVyMTQxNzMzNDI@._V1_.jpg', u'width': 1280, u'height': 1984}	74223	8.1	tt0052311	Touch of Evil	feature	1958
200	True	{u'url': u'https://images-na.ssl-images-amazon.com/images/M/MV5BOTMyMjEyNzIzMV5BMl5BanBnXkFtZTgwNzIyNjU0NzE@._V1_.jpg', u'width': 1080, u'height': 1600}	213111	8.1	tt2948356	Zootopia	feature	2016
201	True	{u'url': u'https://images-na.ssl-images-amazon.com/images/M/MV5BMzgzNjcxNjg2M15BMl5BanBnXkFtZTcwMjQxNDQ3Mg@@._V1_.jpg', u'width': 671, u'height': 1000}	64388	8.1	tt0032551	The Grapes of Wrath	feature	1940
202	True	{u'url': u'https://images-na.ssl-images-amazon.com/images/M/MV5BNDY2NjU0NDAxOF5BMl5BanBnXkFtZTgwNjQ4MTI2MTE@._V1_.jpg', u'width': 351, u'height': 500}	70077	8.1	tt0079944	Stalker	feature	1979
203	True	{u'url': u'https://images-na.ssl-images-amazon.com/images/M/MV5BNWEyMThjODktYjJjZC00YzUxLTk1YmQtOGUwNjM3MGMzZTRhXkEyXkFqcGdeQXVyMTQxNzMzNDI@._V1_.jpg', u'width': 1000, u'height': 1426}	69543	8.1	tt0353969	Memories of Murder	feature	2003
204	True	{u'url': u'https://images-na.ssl-images-amazon.com/images/M/MV5BMTU1NDM2MjkwM15BMl5BanBnXkFtZTcwODU3OTYwNA@@._V1_.jpg', u'width': 682, u'height': 1023}	196847	8.1	tt0075686	Annie Hall	feature	1977
205	True	{u'url': u'https://images-na.ssl-images-amazon.com/images/M/MV5BMDIzODcyY2EtMmY2MC00ZWVlLTgwMzAtMjQwOWUyNmJjNTYyXkEyXkFqcGdeQXVyNDk3NzU2MTQ@._V1_.jpg', u'width': 1685, u'height': 2500}	682064	8.1	tt0120382	The Truman Show	feature	1998
206	True	{u'url': u'https://images-na.ssl-images-amazon.com/images/M/MV5BMTQyMTM3MTQxMl5BMl5BanBnXkFtZTcwMDAzNjQ4Mg@@._V1_.jpg', u'width': 346, u'height': 500}	187722	8.1	tt0112471	Before Sunrise	feature	1995
207	True	{u'url': u'https://images-na.ssl-images-amazon.com/images/M/MV5BMzJiZDRmOWUtYjE2MS00Mjc1LTg1ZDYtNTQxYWJkZTg1OTM4XkEyXkFqcGdeQXVyNjUwNzk3NDc@._V1_.jpg', u'width': 482, u'height': 755}	174692	8.1	tt0083987	Gandhi	feature	1982
208	True	{u'url': u'https://images-na.ssl-images-amazon.com/images/M/MV5BNGNiNmU2YTMtZmU4OS00MjM0LTlmYWUtMjVlYjAzYjE2N2RjXkEyXkFqcGdeQXVyNDk3NzU2MTQ@._V1_.jpg', u'width': 2025, u'height': 3000}	501621	8.1	tt0440963	The Bourne Ultimatum	feature	2007
209	True	{u'url': u'https://images-na.ssl-images-amazon.com/images/M/MV5BMTcwNzc5MjI5Nl5BMl5BanBnXkFtZTYwNjIwMzc5._V1_.jpg', u'width': 337, u'height': 475}	42993	8.1	tt0046911	Diabolique	feature	1955
210	True	{u'url': u'https://images-na.ssl-images-amazon.com/images/M/MV5BMTY5MDMzODUyOF5BMl5BanBnXkFtZTcwMTQ3NTMyNA@@._V1_.jpg', u'width': 682, u'height': 1023}	382942	8.1	tt0075148	Rocky	feature	1976
211	True	{u'url': u'https://images-na.ssl-images-amazon.com/images/M/MV5BZWQyN2ZkODktMTBkNS00OTBjLWJhOGYtNGU4YWVkNTY0ZDZkXkEyXkFqcGdeQXVyNjU0OTQ0OTY@._V1_.jpg', u'width': 1568, u'height': 2294}	590758	8.1	tt0246578	Donnie Darko	feature	2001
212	True	{u'url': u'https://images-na.ssl-images-amazon.com/images/M/MV5BMTY2MTk3MDQ1N15BMl5BanBnXkFtZTcwMzI4NzA2NQ@@._V1_.jpg', u'width': 1350, u'height': 2000}	554229	8.1	tt1201607	Harry Potter and the Deathly Hallows: Part 2	feature	2011
213	True	{u'url': u'https://images-na.ssl-images-amazon.com/images/M/MV5BMTQ4MTA0NjEzMF5BMl5BanBnXkFtZTgwMDg4NDYxMzE@._V1_.jpg', u'width': 1258, u'height': 1748}	80064	8.1	tt0056801	8½	feature	1963
214	True	{u'url': u'https://images-na.ssl-images-amazon.com/images/M/MV5BMTY1NTI0ODUyOF5BMl5BanBnXkFtZTgwNTEyNjQ0MDE@._V1_.jpg', u'width': 675, u'height': 1000}	598327	8.1	tt0198781	Monsters, Inc.	feature	2001
215	True	{u'url': u'https://images-na.ssl-images-amazon.com/images/M/MV5BMjA4NjE1MjM2Ml5BMl5BanBnXkFtZTgwODgzMjM5MzE@._V1_.jpg', u'width': 340, u'height': 500}	296417	8.1	tt0032138	The Wizard of Oz	feature	1939
216	True	{u'url': u'https://images-na.ssl-images-amazon.com/images/M/MV5BODE1MDczNTUxOV5BMl5BanBnXkFtZTcwMTA0NDQyNA@@._V1_.jpg', u'width': 682, u'height': 1023}	611290	8.0	tt0088247	The Terminator	feature	1984
217	True	{u'url': u'https://images-na.ssl-images-amazon.com/images/M/MV5BMTU0MzQyNTExMV5BMl5BanBnXkFtZTgwMjA0Njk1MDE@._V1_.jpg', u'width': 335, u'height': 500}	445523	8.1	tt0107048	Groundhog Day	feature	1993
218	True	{u'url': u'https://images-na.ssl-images-amazon.com/images/M/MV5BN2Y2OWU4MWMtNmIyMy00YzMyLWI0Y2ItMTcyZDc3MTdmZDU4XkEyXkFqcGdeQXVyMTQxNzMzNDI@._V1_.jpg', u'width': 1007, u'height': 1500}	470099	8.0	tt0114746	Twelve Monkeys	feature	1995
219	True	{u'url': u'https://images-na.ssl-images-amazon.com/images/M/MV5BMTg0NTIzMjQ1NV5BMl5BanBnXkFtZTcwNDc3MzM5OQ@@._V1_.jpg', u'width': 1384, u'height': 2048}	395493	8.1	tt1392214	Prisoners	feature	2013
220	True	{u'url': u'https://images-na.ssl-images-amazon.com/images/M/MV5BNDcxODkyMjY4MF5BMl5BanBnXkFtZTgwOTk5NTc5MDE@._V1_.jpg', u'width': 1000, u'height': 1500}	420356	8.0	tt0073195	Jaws	feature	1975
221	True	{u'url': u'https://images-na.ssl-images-amazon.com/images/M/MV5BMTk1NTAxNzg3Nl5BMl5BanBnXkFtZTcwNjU4OTQwNw@@._V1_.jpg', u'width': 334, u'height': 500}	41030	8.1	tt0036868	The Best Years of Our Lives	feature	1946
222	True	{u'url': u'https://images-na.ssl-images-amazon.com/images/M/MV5BMTc0Mjg2OTY3OV5BMl5BanBnXkFtZTcwNDA3Njk3OA@@._V1_.jpg', u'width': 375, u'height': 500}	93309	8.1	tt0338564	Infernal Affairs	feature	2002
223	True	{u'url': u'https://images-na.ssl-images-amazon.com/images/M/MV5BMTczNzkyMjQ4N15BMl5BanBnXkFtZTcwOTQ2NjU4Mw@@._V1_.jpg', u'width': 333, u'height': 500}	103718	8.1	tt0072684	Barry Lyndon	feature	1975
224	True	{u'url': u'https://images-na.ssl-images-amazon.com/images/M/MV5BMTY3OTAyOTMyM15BMl5BanBnXkFtZTcwNTMxMTI0MQ@@._V1_.jpg', u'width': 354, u'height': 500}	105734	8.1	tt0113247	La Haine	feature	1995
225	True	{u'url': u'https://images-na.ssl-images-amazon.com/images/M/MV5BMTY5MzYzNjc5NV5BMl5BanBnXkFtZTYwNTUyNTc2._V1_.jpg', u'width': 485, u'height': 719}	541803	8.0	tt0264464	Catch Me If You Can	feature	2002
226	True	{u'url': u'https://images-na.ssl-images-amazon.com/images/M/MV5BMTcwNzk0MTQxMF5BMl5BanBnXkFtZTcwNjM5NTIwNA@@._V1_.jpg', u'width': 303, u'height': 500}	98308	8.1	tt0044079	Strangers on a Train	feature	1951
227	True	{u'url': u'https://images-na.ssl-images-amazon.com/images/M/MV5BODZmYjMwNzEtNzVhNC00ZTRmLTk2M2UtNzE1MTQ2ZDAxNjc2XkEyXkFqcGdeQXVyMTQxNzMzNDI@._V1_.jpg', u'width': 580, u'height': 866}	664844	8.1	tt0401792	Sin City	feature	2005
228	True	{u'url': u'https://images-na.ssl-images-amazon.com/images/M/MV5BMTUyNTA3NTQ4OF5BMl5BanBnXkFtZTgwNDkzMjIwMDI@._V1_.jpg', u'width': 808, u'height': 1200}	38285	8.1	tt0058946	The Battle of Algiers	feature	1966
229	True	{u'url': u'https://images-na.ssl-images-amazon.com/images/M/MV5BMTUyMzg2MTQ2NV5BMl5BanBnXkFtZTcwMTQxODEzMQ@@._V1._CR10,26,332,469_.jpg', u'width': 332, u'height': 469}	27225	8.1	tt0041546	Kind Hearts and Coronets	feature	1949
230	True	{u'url': u'https://images-na.ssl-images-amazon.com/images/M/MV5BODExZmE2ZWItYTIzOC00MzI1LTgyNTktMDBhNmFhY2Y4OTQ3XkEyXkFqcGdeQXVyNjU0OTQ0OTY@._V1_.jpg', u'width': 1960, u'height': 2942}	185691	8.0	tt0072890	Dog Day Afternoon	feature	1975
231	True	{u'url': u'https://images-na.ssl-images-amazon.com/images/M/MV5BMTc5NjY4MjUwNF5BMl5BanBnXkFtZTgwODM3NzM5MzE@._V1_.jpg', u'width': 1600, u'height': 2370}	48214	8.3	tt1954470	Gangs of Wasseypur	feature	2012
232	True	{u'url': u'https://images-na.ssl-images-amazon.com/images/M/MV5BMjU4NDExNDM1NF5BMl5BanBnXkFtZTgwMDIyMTgxNzE@._V1_.jpg', u'width': 1382, u'height': 2048}	438889	8.1	tt1663202	The Revenant	feature	2015
233	True	{u'url': u'https://images-na.ssl-images-amazon.com/images/M/MV5BMjAyNDM4MTc2N15BMl5BanBnXkFtZTYwNDk0Mjc3._V1_.jpg', u'width': 321, u'height': 475}	823138	8.1	tt0325980	Pirates of the Caribbean: The Curse of the Black Pearl	feature	2003
234	True	{u'url': u'https://images-na.ssl-images-amazon.com/images/M/MV5BMTQ2MDMwNjEwNV5BMl5BanBnXkFtZTgwOTkxMzI0MzE@._V1_.jpg', u'width': 844, u'height': 1221}	27446	8.2	tt1865505	Song of the Sea	feature	2014
235	True	{u'url': u'https://images-na.ssl-images-amazon.com/images/M/MV5BMTM5OTMyMjIxOV5BMl5BanBnXkFtZTcwNzU4MjIwNQ@@._V1_.jpg', u'width': 1382, u'height': 2048}	324692	8.1	tt1454029	The Help	feature	2011
236	True	{u'url': u'https://images-na.ssl-images-amazon.com/images/M/MV5BNDkwNTEyMzkzNl5BMl5BanBnXkFtZTgwNTAwNzk3MjE@._V1_.jpg', u'width': 460, u'height': 681}	487218	8.1	tt2084970	The Imitation Game	feature	2014
237	True	{u'url': u'https://images-na.ssl-images-amazon.com/images/M/MV5BMjE0NDUzMDcyOF5BMl5BanBnXkFtZTcwNzAxMTA2Mw@@._V1_.jpg', u'width': 1860, u'height': 2686}	172952	8.1	tt1220719	Ip Man	feature	2008
238	True	{u'url': u'https://images-na.ssl-images-amazon.com/images/M/MV5BMjQyODg5Njc4N15BMl5BanBnXkFtZTgwMzExMjE3NzE@._V1_.jpg', u'width': 1029, u'height': 1500}	528819	8.1	tt1431045	Deadpool	feature	2016
239	True	{u'url': u'https://images-na.ssl-images-amazon.com/images/M/MV5BMTc2MTQ3MDA1Nl5BMl5BanBnXkFtZTgwODA3OTI4NjE@._V1_.jpg', u'width': 865, u'height': 1280}	503954	8.0	tt3659388	The Martian	feature	2015
240	True	{u'url': u'https://images-na.ssl-images-amazon.com/images/M/MV5BMTU4MTUyMTc3MV5BMl5BanBnXkFtZTYwOTg4Mzk5._V1_.jpg', u'width': 334, u'height': 475}	101991	8.1	tt0092067	Castle in the Sky	feature	1986
241	True	{u'url': u'https://images-na.ssl-images-amazon.com/images/M/MV5BMTg1ODgzODA1Nl5BMl5BanBnXkFtZTcwNTI0MzU3Mg@@._V1_.jpg', u'width': 740, u'height': 1102}	103198	8.1	tt0046250	Roman Holiday	feature	1953
242	True	{u'url': u'https://images-na.ssl-images-amazon.com/images/M/MV5BMTAzODAxMzg1MzZeQTJeQWpwZ15BbWU3MDgwMzE5ODk@._V1_.jpg', u'width': 338, u'height': 500}	151378	8.0	tt0058461	A Fistful of Dollars	feature	1964
243	True	{u'url': u'https://images-na.ssl-images-amazon.com/images/M/MV5BMTAwMjU5OTgxNjZeQTJeQWpwZ15BbWU4MDUxNDYxODEx._V1_.jpg', u'width': 1382, u'height': 2048}	702828	8.1	tt2015381	Guardians of the Galaxy	feature	2014
244	True	{u'url': u'https://images-na.ssl-images-amazon.com/images/M/MV5BOTUyODUwNjc0NV5BMl5BanBnXkFtZTcwMTk0MTcyMQ@@._V1_.jpg', u'width': 1000, u'height': 1400}	44239	8.1	tt0083922	Fanny and Alexander	feature	1982
245	True	{u'url': u'https://images-na.ssl-images-amazon.com/images/M/MV5BMzU5MjEwMTg2Nl5BMl5BanBnXkFtZTcwNzM3MTYxNA@@._V1_.jpg', u'width': 1401, u'height': 2048}	513517	8.0	tt1504320	The King's Speech	feature	2010
246	True	{u'url': u'https://images-na.ssl-images-amazon.com/images/M/MV5BMTk2NTI1MTU4N15BMl5BanBnXkFtZTcwODg0OTY0Nw@@._V1_.jpg', u'width': 692, u'height': 1024}	1013360	8.1	tt0848228	The Avengers	feature	2012
247	True	{u'url': u'https://images-na.ssl-images-amazon.com/images/M/MV5BM2RjMmU3ZWItYzBlMy00ZmJkLWE5YzgtNTVkODdhOWM3NGZhXkEyXkFqcGdeQXVyNDA5Mjg5MjA@._V1_.jpg', u'width': 1138, u'height': 1755}	51237	8.1	tt0087884	Paris, Texas	feature	1984
248	True	{u'url': u'https://images-na.ssl-images-amazon.com/images/M/MV5BMzE5MDM1NDktY2I0OC00YWI5LTk2NzUtYjczNDczOWQxYjM0XkEyXkFqcGdeQXVyMTQxNzMzNDI@._V1_.jpg', u'width': 1011, u'height': 1500}	314678	8.0	tt0101414	Beauty and the Beast	feature	1991
249	True	{u'url': u'https://images-na.ssl-images-amazon.com/images/M/MV5BMTEwNjg2MjM2ODFeQTJeQWpwZ15BbWU4MDQ1MDU5OTEx._V1_.jpg', u'width': 1217, u'height': 1884}	116168	8.1	tt0072431	Young Frankenstein	feature	1974
